#	A	B	C	D	E	F	G	H	I	J
1	Date	Invoice_ID	City	Customer_Type	Gender	Category	Product	Unit_Price	Quantity	Total_Sales
2	2026-01-02	A001	Mandalay	Member	Female	Food	Bread	120	2	240
3	2026-01-03	A002	Yangon	Normal	Male	Beverages	Coffee	250	3	750
4	2026-01-05	A003	Naypyitaw	Member	Female	Food	Cake	180	2	360
5	2026-01-07	A004	Mandalay	Normal	Female	Personal Care	Shampoo	320	1	320
6	2026-01-09	A005	Yangon	Member	Male	Food	Rice	90	5	450
7	2026-01-12	A006	Naypyitaw	Normal	Female	Beverages	Juice	150	4	600
8	2026-01-15	A007	Mandalay	Member	Male	Electronics	Headphones	800	1	800
9	2026-01-18	A008	Yangon	Normal	Female	Food	Noodles	70	6	420
10	2026-01-21	A009	Naypyitaw	Member	Male	Personal Care	Soap	60	4	240
11	2026-01-24	A010	Mandalay	Normal	Female	Beverages	Tea	110	3	330
12	2026-02-02	A011	Yangon	Member	Male	Food	Bread	120	4	480
13	2026-02-04	A012	Naypyitaw	Normal	Female	Electronics	Mouse	450	2	900
14	2026-02-07	A013	Mandalay	Member	Female	Food	Rice	90	7	630
15	2026-02-10	A014	Yangon	Normal	Male	Personal Care	Shampoo	320	2	640
16	2026-02-13	A015	Naypyitaw	Member	Female	Beverages	Coffee	250	2	500
17	2026-02-16	A016	Mandalay	Normal	Male	Electronics	Keyboard	600	1	600
18	2026-02-19	A017	Yangon	Member	Female	Food	Cake	180	3	540
19	2026-02-22	A018	Naypyitaw	Normal	Male	Beverages	Juice	150	5	750
20	2026-02-25	A019	Mandalay	Member	Female	Personal Care	Soap	60	6	360
21	2026-02-27	A020	Yangon	Normal	Male	Food	Noodles	70	8	560